comment,sentiment
I'm in love with someone who doesn't feel the same way. This song encapsulates everything I want and it breaks my heart...,Positive
This song is making me cry over someone who has never existed,Neutral
My husband sung this on our wedding day I cry every time I hear it!,Neutral
Never gonna get tired of this song Ô∏è,Negative
"im gonna sing this song to my Girl, thanks james for the beautiful song.",Positive
"It's sad when that person you made memories with, became a memory.",Negative
"0:50 I knew I loved you and you never knowed, Cause I played it cool & I was scared to let it go",Positive
‚ÄúI‚Äôm gonna love you till my lungs give out‚Äù ,Positive
my favorit song,Neutral
I swear this man sings with so much emotion Ô∏è,Positive
And I‚Äôm in love with this beautiful heartbreaking kind  loving song so         Intucherbale,Positive
"For those of you in pain right now while listening to this, losing a loved one or anything else nearly as bad, I feel for you man , stay strong Ô∏è",Neutral
My heart just breaks when older people cry... its just horrible to see..,Negative
"When I listen to this song I feel like I'm in love with someone and I'm heartbroken , but in reality I'm just sad cuz I'm hungry",Neutral
So heartbreaking and thoughtful to hear this song the video and so sad to see about and so in touching,Neutral
"Best X-Factor winner ever in the history of all X-Factor shows across all countries. Fan from Chicago, IL (USA).",Positive
I love you dad,Positive
Played at my dads funeral Ô∏è I will remember this song until I die. Thank you so much James ,Positive
"Listening to this song can make people reflect on the importance of love, loyalty, and commitment. It reminds us that true love is not just about romance, but also about patience, sacrifice, and growing old together. That‚Äôs why many listeners feel connected to it ‚Äî it speaks to the universal desire of being loved and never left behind.",Positive
"‚ÄúPeople don‚Äôt cry because they are weak, it‚Äôs because they‚Äôve been strong for too long‚Äù",Neutral
This brings out  emotions I never knew I had  Ô∏è,Neutral
"My comments never get noticed on YouTube, but I always try to spread love. Music is my therapy. When I listen to this I go to another world. This song and (Clover Cage - Test These Waters) are the two songs that helped my depression. Just want people to know it does get better. We are in this together..",Positive
this is one of those songs that you instantly fall in love with,Positive
This song has all the words that go over your head when you're in love. ,Positive
I finally learned how to play this song in guitar!,Neutral
His voice sends me to a dream world,Neutral
This song almost perfect story of my wife and I...17 years going strong... 4 kids... still chase eachother like little teenagers.. we will definitely still be together when we are ghosts. I adore you Baby Girl!,Positive
Someone plz help me . ,Neutral
May 2019? Still crying,Negative
This song has one of the most beautiful lyrics I've ever heard,Positive
FINALLYYYY,Neutral
"I Leave My Comment Here So That Every Time Someone ""Likes"" I Get A Notification And it Reminds Me That I Have To Come Listen To This GREAT SONG Again....",Positive
#ForeverAlone ,Neutral
"When you are in quarantine in 2020 (and you are bored af) and u wanna cry so you listen to that song ,",Negative
This song will definitely be on my wedding playlist... your voice is just healing Ô∏è,Neutral
"If anyone happens to come across this message, I just want you to know: no matter where you are in the world, I'm wishing you a beautiful day and a life full of happiness, peace, and fulfilled dreams. You are incredible, and you are enough. I believe in you, always! ",Positive
This song is one the most Beautiful piece ever made.,Positive
I have listened to this song I think 12 times this week and it‚Äôs only Wednesday:D,Neutral
"I bet that nobody sees this, but I do pray they will. Music is medicine. When i listen to this I go to another world. This song and ‚ÄúClover Cage - Test These Waters‚Äù are two songs that helped me with my depression. I just want people to know it does get better. We are in this together.  always",Positive
She said we would listen to this song everyday together. But now its just me listening to this.....,Negative
"I always get a 'the man who can't be moved' vibe from this song, both songs are amazingly beautiful",Positive
I‚Äôm not ugly crying listening to this i promise...,Neutral
"The old man at the end gets me evertytime, that level of love is so hard to find and when you do you never let it go",Neutral
"James Arthur's songs are not just songs, but feelings!",Neutral
Who ever is listening. Just know there's better days coming.,Positive
There's nothing more beautiful than his voice ,Positive
This song is perfect for those who are in a relationship that's special love it keep doing what you love which is music because you're music will carry on for generations after generation thank you ,Positive
James Arthur ... thank you for this beautiful song. I used this beautiful song as my first dance in my wedding on 03/12/2017. The lyrics captured all the emotions my husband and I wanted to tell each other. It literally was a blessing in our love story!,Positive
"1.7 billion later it's just as good as the first view. i'm now married, have a career, a house, the best friends and good life. this song means more to me than you will ever know. Thank you. Cheers",Positive
Damn every time I listen to this song I always end up loving it more and more,Positive
Love this song so much ,Positive
I LOVE THIS SONG,Positive
"i can liten to him all day and not get bored. such a beautiful voice, god bless.",Neutral
"Even though some people might think this song is old, I still listen to it  to this day. It helps get through the school day and it also helps me fall asleep when I'm sad, having a rough day.",Neutral
This is the most powerful love song ever...,Positive
"I strongly believe that James Arthur, Ed Sheeran Calum Scott and Lewis Capaldi should have their own genre of music.",Positive
DAMN THSI IS SO BEAUTIFUL ,Positive
I cant stop listen ,Neutral
September 2025??,Neutral
"If anyone sees this comment, I hope that you  will get successful soon.",Positive
This is so good it makes me cry  ,Positive
Am I the only one who thinks he completely beautiful?! ,Positive
Man.. i can feel lyrics  ...you have so much pain in this song...,Positive
I listen to this song every day,Neutral
Imagine James Arthur and Lewis Capaldi made a song together,Neutral
Some people just listen to songs others feel them the way I just did.   ,Neutral
Ur awesome if ur here October 2020 ,Positive
Roses are red,Neutral
Never give up  you are loved Ô∏èÔ∏èÔ∏èÔ∏èÔ∏èÔ∏èÔ∏èÔ∏èÔ∏èÔ∏è,Positive
"wow i just can't believe many people are still showing love after so many years, much love guys",Positive
I want this to be played on my wedding day Ô∏è,Neutral
I feel sorry for the people who haven‚Äôt listen to this song,Negative
August 2025 ???,Neutral
Love never fails if you truly love. Love hurts but we must take chances!!!!,Positive
"once a wise man said, ""when you're happy you enjoy the melody but, when you're broken you understand the lyrics""",Positive
doesn't this song make you think of that special someone you as always liked?,Positive
"After 15 years of being my best friend, I get to say we are finally seeing our 2nd wedding anniversary this year. So this song will always be to the man that has been my best friend, my husband and the greatest man I've ever known.",Positive
Cad√™ os brasileiros de 2020? üáßüá∑,Neutral
I'm so glad he's getting recognition now especially for this song. He deserves it. I love this song and I was listening to it before it really got this popular! so happy it's popular!,Positive
This was the song my wife and I danced to for our first dance at our wedding.  Coming up on 1 year.  The song captures our story perfectly.,Positive
"Dear everyone that's reading this, we don't know each other but I wish you all the best in life and happiness Ô∏è..",Positive
his voice is deep but when he sings its very clean Ô∏è,Positive
She said she‚Äôs leaving I‚Äôm tying to sing this song to her cuz it‚Äôs her favorite song I hope she stays ,Positive
this makes me happy and sad,Neutral
To be so lucky to have a love that lasts forever until death do you part = a perfect life!,Positive
God bless whosoever is reading this and just know Jesus has a plan for you,Neutral
Anyone in 2025?,Neutral
"I love this song so much. It will be my wedding song... and if my husband doesn't agree, Idc I will dance alone ",Positive
Stop saying anyone watching this in 2020? We never stopped listening to this.,Neutral
This song brings back so much memories i still love her tho.,Positive
Charlie said he loves you too tell you he's so sorry he has too go away if he could turn back the hands of time he still would of done gods plan he's sorry he had too go but he love you guys he wants you too know he said don't cry anymore you will see him again your his best friend and gods got a beautiful plan he's sending you someone if you only know how amazing he will be for you he loves you the most ,Positive
"is it just me or does this kind of music hit different, eve when your not sad",Positive
"This is probably the most talented artist who falls in the ""underrated asf"" category",Positive
we need more songs frm u bro !!  ,Positive
I love this song like crazy ,Neutral
"""You don't have to find out you're dying to start living."" ",Neutral
"My girlfriend loved this song. But she passed away last May. Whenever I listen to this song, it reminds me of my girlfriend.",Positive
"I'm 19 this year, and I love this song so much",Positive
This is the most romantic song I‚Äôve ever heard ,Positive
R.I.P for all those people who never heard this song.,Neutral
Did anyone cut onions  this song touches me and makes me cry ,Neutral
I will never put this song down. ,Neutral
"Ill sing this to the girl of my dreams the day I find her. Till then, my right hand is all i got.",Neutral
"This song never gets old.  No matter how much I listen, I never get bored",Neutral
"Listening this after losing ""that one"" really hurts...",Positive
I nearly cry when the old man cries so emotional!,Neutral
I wish we had more songs like this.,Positive
0% Sex References,Neutral
"My wedding song, I still get chills!! I love him so, not sure if he feels the same anymore but I'm in it til my lungs give out!!!",Neutral
James is probably the most impressive songwriting talent to come out of the TV competitions in the last decade... I'd be honored if some James Arthur fans who appreciate 80s/90s classics would take a quick listen to my acoustic piano & vocal YT performances of PURPLE RAIN by Prince and PRAYING FOR TIME by George Michael in tribute to 2 of the greatest vocalist-songwriters in music history. Live acoustic with no autotune or digital editing. Peace and everybody stay safe in the '020s.,Positive
It's 2021 and I'm still listening to this song. It's a masterpiece,Neutral
still gonna be my 2017 song,Neutral
I really wish more people would write songs like this.  If this is the direction music is heading that's perfectly okay with me.,Positive
My girlfriend died yesterday and this song was the las one she listened to... Thank you James.,Neutral
Music that sooths the soul. No one hits deep like James Arthur does. So thankful I was born in his life time with his music,Neutral
"Let's be honest, this song will never get old",Positive
I‚Äôm not the only one who remembered something sad right?,Neutral
"I remember my best friend saying ""I will sing this on my wedding day"" and tomorrow, he will sing it on our wedding day.",Positive
I love James and this song. He is a great talent. Always has been since day 1. God Bless him.Ô∏è,Positive
hope that the girl he falls in love with is as much unique as him,Positive
"4 years later : if you're still watching this,then you are just a normal human with great musical taste.",Neutral
This song makes me fall in love with a person doesn't exist,Positive
"This song will forever live in my heart, because once, he sang it for me.  I still know I fell in love with a boy he was so sweet‚Äîcaring, supportive, and endlessly loving.",Positive
This is just beautiful. I hope my friends won't find me here cause I told them I'm heartless,Positive
Worst thing i did that ‚Äúi played it cool when i was scared of letting go‚Äù,Negative
Who else is in quarantine missing their friends and seeing their crush every day ,Negative
who is here in August 2025?,Neutral
4 years later If you're still listening to this song you're a legend,Neutral
Fell in love with this song 5 years ago just when I met the love of my life. I keep coming back to it to this day.,Positive
"Another ""you probably only heard this in a grocery store"" bandle classic.",Neutral
Who‚Äôs listening right now. This is my favorite,Positive
I want this to be played on my wedding day and me and my fianc√© agreed!,Neutral
Beautiful song. ,Positive
This hits different when you‚Äôre madly in love with someone.,Positive
whose here with me march 2019....the song just goes deep!!,Neutral
"""Don't say who is here in 2020"" We Never Left.!! ; )",Neutral
"Whole song is a Banger but that line got me ""I know I needed you""",Positive
"Although this song is good, james describes it ‚Äúas a simple love song‚Äù i encourage everyone to listen to more of his music.",Positive
7 years later and still an amazing work of art Ô∏è,Positive
Anyone else has been waiting for a song like this to come out? So fucking done with all this side to side and closer shitt,Negative
Song hits different when you're alone in the dark,Neutral
When I get married this has to be one of the songs I'll dance to,Positive
i know maybe just %1 people see this but i hope you'll find your true love forever:).,Positive
He's amazing,Positive
"This song made me cry, my father died in the hospital by himself....He had cancer.... i couldn't.... be there to say my final goodbye....i never got to say my goodbye to his body.... Only his ashes... I'll be graduating in 3 months.... i know at that moment... looking at my mother smiling & crying without my father will make me breakdown in the middle of my speech.. I'm crying while typing this too.. I love you father.......",Neutral
Hey random person reading through the comments!! I hope you have a great night/day you deserve it!! Just remember you are awesome and don‚Äôt let any hater bring you down!! ,Positive
The voice is just wow.,Neutral
"I agree! Real love isn't just about what you say, it's what you do. It's about holding on through good and bad times. Love this song!",Positive
Who won't let go of this song for years and years?,Neutral
lets see who many people are crying themselves to sleep with this song...,Neutral
"It's November 2021, let's see how many ppl still addicted to this masterpiece.",Neutral
July 2025 anyone?,Neutral
yes finally something that isn't anywhere near edm bless this song,Neutral
I met you in the dark,Neutral
Who else is just randomly listening to old songs.,Negative
This song used to always play when i was still a kid with my dad and now listening to this song makes me miss my dad..,Neutral
Have a nice day random person scrolling down the comments.,Neutral
How is Closer topping Billboard charts instead of this masterpiece?? ,Neutral
My birthday today,Neutral
Please  don't give up. She needs you more than you know. I understand my life is just being yours may be also. ,Positive
This is my future wedding song <3,Positive
This song always makes us think about that one person,Neutral
everyone has that one person they think of when listening to this <3,Positive
LIFE GOES ON ,Neutral
Just found my future wedding song :),Positive
0% sex,Neutral
"Remeber this guy begun at X factor, and now he is a bigger artist than the judges...",Neutral
But you'll never know its true just to see amazing people bring us cheer full and gorgeous music but in the end you'll never be able to hear it again,Positive
"If you're an emotional person, you've got to love this song",Positive
Lyrics ,Neutral
I would play this song at my wedding day if that day ever come ,Neutral
I simg this whole song to her she was in awe and she did told me that we will not let go and then............,Positive
Thumbs up if this song makes you feel calm,Positive
I really liked to see james and ed sheeran sing together that would be magical,Positive
This a song to listen to when the homies ain‚Äôt around,Neutral
I can't help but listen to this song every day ,Neutral
That old man crying at 2:42 breaks my heart everytime I see this vid,Neutral
This is the number of people that visits here in one day.,Neutral
Song hits different when the people you love the most isn‚Äôt here any more,Positive
"James , doesn't get the amount of recognition he deserved.  He is just amazing. He is the deepest singer i ever known.  #wholesomeness ü©µü©µü©µÔ∏èÔ∏è",Positive
"Imagine James, Ed Sheeran and Lewis making a collab ;-; ME DED!",Neutral
I miss being little when I had no worries,Neutral
brasileiros apare√ßam. !! Ô∏è,Neutral
I miss my mom and I left her with out say I love her and I moved school only bc I miss my best fucking friend and I feel bad and I miss her sooo soo much don‚Äôt be like me and up and leave at 12 or 13 bc I messed up I can‚Äôt choose who I want to spend my life with I can‚Äôt fucking do it pray for your family if your parents are still togeather ,Neutral
Who is here in September 2025?,Neutral
I'm so jealous of those people who can listen to this for the first time.,Positive
September 2025?,Neutral
"I love this song, it's always played in hotel events, weddings and fancy dining. ",Positive
If you are listening this song still. You are legend,Neutral
September 2025 anyone?,Neutral
imagine what would happen if Lewis Capaldi and James Arthur collab,Neutral
"I met you in the dark, you lit me up",Neutral
September 2025?,Neutral
"I met you in the dark, you lit me up",Neutral
September 2025 anyone?,Neutral
Who is here in September 2025?,Neutral
"I met you in the dark, you lit me up",Neutral
"I met you in the dark, you lit me up",Neutral
"I met you in the dark, you lit me up",Neutral
"I met you in the dark, you lit me up",Neutral
I wish more songs were like this now. No auto tune. Acoustic the majority of the song. No weird beats. Absolutely impressive.,Positive
His eyes is so beautifull like if you argree,Neutral
Sad fact: We usually fall in love with the ones we don‚Äôt have a chance with,Neutral
Beautiful song very touching  to my,Positive
"Literally to the 1% who's reading this, God bless you, and may your dreams come true, stay safe and have a wonderful day  ^_^",Positive
This reminds of my crushÔ∏è,Neutral
Algu√®m ??,Neutral
Its really make me melting,Positive
Quase 2019! Ser√° que tem algum brasileiro apreciando essa belezura de m√∫sica?,Neutral
"0% alcohol, 0% drugs, 0% naked scenes.",Neutral
Who's Listening to this song in December?,Neutral
Forever my favorite ,Positive
Feeling so much happy by accidently clicking on this vid!!!,Positive
Half a billion people have seen this. That‚Äôs so amazing!! I love you James Arthur,Positive
Ed Sheeran + James Arthur + Sam Smith + calum scoot= PERFECT MUSIC ,Positive
Who's Here Listening.. TODAY !!-. !.,Neutral
"Im still listening to this song in december 2020,,,whose with me",Neutral
Nobody cares if you are still here guys ... We can just listen to it together :),Positive
"If you like a girl, please tell her. I know it is scary to think of getting rejected or getting laughed at but life is so hard these days and I know that if I knew somebody had feelings for me it'd give me a little more light, you know? Just take the chance and make somebody's day, and even if they don't have feelings for you, you'll walk away knowing that you made her smile or boosted her confidence a little more, yeah? <3",Positive
Makes me cry all the time for no reason,Neutral
"Brasileiros, cad√™ vcs??üáßüá∑",Neutral
The nostalgia is hitting me like a bullet train,Neutral
"This song makes me feel heart broken, I don't even have gf, but that makes it even more depressing... thanks mate.",Neutral
Beautiful song ,Positive
"Heard this song first time : its ok, why it has 800M views???",Positive
People posting comments like ‚Äústill listening in Nov 2019?‚Äù  Do you people think music expires?  Why are you so surprised?,Neutral
"Ed Sheeran: ""I will be loving you till we're 70""",Positive
I love hearing this song. It recreate the moment of when I experienced love a first sight. I'm alone going through some stuff. I haven't gotten out of it  and it leaves me within great wonderlands .,Positive
"Who else when he/she listened this song,imagine himself/herself being with his/her crush in romantic moments?",Neutral
The people who disliked where crying so they didn't see anything.,Negative
THE KING IS BACK BITCHES!,Neutral
Âàá„Å™„ÅÑ„Åë„Å©„ÄÅÂäõÂº∑„Åï„Çí„Çà„ÇäÊÑü„Åò„Åæ„Åó„ÅüÔºÅ,Neutral
"I met you in the dark, you lit me up",Neutral
Can we push this to a billion in 2019 ;),Positive
 Cad√™ os Brasileiros? ,Neutral
"i never heard this song before, bandle 6",Neutral
When two singers collab.,Neutral
Not all men's are the  same there are lot of real men's out there who appreciates good women.,Positive
"Algu√©m brasileiro? Mano foi um sacrif√≠cio para eu achar essa m√∫sica, muito top amei ",Positive
Still one of My fav songs ,Neutral
"Ed Sheeran: ""Darlin I'll be lovin you till we're 70""",Neutral
"Where are my people without relationship, just listening to cry in quarantine",Neutral
"If this isn‚Äôt played at my wedding, the bride and I won‚Äôt come.",Neutral
Can't believe I never heard this song,Neutral
IM JUST SWEATING THROUGH MY EYES THATS ALL!,Neutral
"6 anos se passaram e essa m√∫sica continua sendo uma das melhores, simplesmente perfeita ela passa um sentimento muito forte... em pleno 2022 e eu aqui viciada em ouvi-la ",Neutral
This song hits different when you lose someone who wasn't even yours in the first place.,Neutral
Super songs of the world ,Positive
It hurts when you can't forget your love one but you have no way ,Positive
Don‚Äôt say ‚Äúwho still listen this in 2020‚Äù because we will listen to this forever,Neutral
When I first played this song I was like okay. Then I played it some couple more times and knew: I'll never get a girlfriend. 2 weeks later I met someone. I guess this song gives luck. :),Positive
"Someone dedicated me to this song back in 2020, now she is not with me I am alone. Wherever she is with anyone may God bless her.",Neutral
I remember those days when YouTube comment section wasn't a calendar,Neutral
Say You Won't Let Go,Neutral
You are not gonna believe who the best person in the world is!,Positive
Just want to cry,Neutral
I pray for my grandma she's been alone for 65 years she has given up on love. she has taken care of everyone trying to right some wrongs. She told me its to late even tho she has a guy friend who is just as scared as her and has been just as alone .They love each other but think its to late in life for them. Neither one will make the first move to tell each other how much they love each other. she says he's the first one she talks to in the morning and the last one she talks to at night. please pray that they stop being afraid and they just live the time they have left together! they're both afraid to make the first move and tell each other how much they mean to one another.,Neutral
Who is listening in 2019 and will forever? ,Neutral
"My wife died almost a year ago,  im only 21 this has been the biggest trauma ive dealt with by far.",Neutral
Thank you sincerely,Positive
Hopefully I can sing this with my crush soon. Wish me luck...,Neutral
"Imagine if James Arthur, Ed Sheeran, Imagine Dragons, Coldplay, Khalid, Calum Scott, Lewis Capadli, Passenger and Adele made a song together",Neutral
who's here before 1 million views ,Neutral
"Going through a lot and decided to stop by and listen. Thank you for this piece, James",Neutral
Let‚Äôs see how many people are listening to this song in 2021. I love this song!!!,Positive
"When the old man cries, I can't ",Neutral
2016: wow this song is amazing,Positive
"I met you in the dark, you lit me up",Neutral
Stop saying ‚Äúwho‚Äôs watching this in 2020‚Äù we never left,Neutral
The dislikes were from people who started crying and accidentally pressed the dislike button but still didn't notice it coz they were crying and their vision was blurry! Great song,Neutral
"SURPRISE SURPRISE MOTHERFUCKERS, THE KING IS BACK",Neutral
My fav song,Neutral
"Going a tough heartbreak right now, my girlfriend of two and half months left.. yeah I know what everyone‚Äôs gonna say ( two months isn‚Äôt nothing ) but those two months felt like eternity. The hugs, the kisses, the laughs, the moments where time would just stop and I would stand there and witness that beautiful smile and just burst in tears because I realized how lucky of a guy I was.. and now all I have left is our 3 month old son ace ( he‚Äôs a dog ). He means the world to both of us and she let me have him. I asked her to let me keep him because really he‚Äôs the only thing that keeps me close to her and he‚Äôs what gives me hope that she‚Äôll come back... she told me she still loves me and she still has feelings.. she says she wants to come back but something is holding her back.. and I think it‚Äôs her ex.. come to find out when she left she started talking to him again... and she told him her feelings never faded from him.. I confronted her about it and now she ( wants time to herself ) and she‚Äôs not making a decision till she‚Äôs ready.. and right now listening to this song just reminds of the night we took a drive out.. singing this together and looking at eachother and just admiring eachother.. guys I really do love this girl.. throughout the time I‚Äôve known this girl I‚Äôm really happy to say I found the one.. she‚Äôs my key to happiness.. I want a future with this girl.. I want to buy a house together, I want to get married, I want to have beautiful children with this girl, I want to raise our children together, I want to watch them grow older and graduate and watch them go on their way to college, I want to grow old together, I want to die together. I want everything with this girl.. hope, hope is all I have at this point.. Vanessa montalvo I love you so much.. please come back.. your family needs you, I need you.. please.. ",Positive
CAD√ä OS BRASILEIROS? ,Neutral
if you're reading this.,Neutral
This Song That Really Touched My Heart And It Makes Me Want To Have Tears Of Joy.,Positive
Theory:,Neutral
"Had a girlfriend about 3 days ago who broke up with me for personal reason that i wont discuss for her own privacy. We were together for about 9 months and theres no amount of words i can put together in a sentence that can describe how much i loved this girl. As far as i can remember, this is one of the first songs that she sent to me that was a love song. It felt like she was personally asking me to never let her go, which I never ever wanted to do. I decided to learn it on my guitar and play it back for her as she sung the lyrics. Now that we are apart, i frequently come back to this song and remeber not only those times, but the entire 9 amazing months we were together. I never thought a song that could make me feel so special to her could now damn near bring me to tears listening to it, but i guess thats a bit of a cliche to say huh? ",Positive
why am i just discovering this now?,Neutral
you are magical,Positive
Hi random person scrolling down...,Negative
Fun fact : This song is better than despacito.,Positive
"Song was released on 2016,but the comments r just  a day old!!!",Neutral
Till were grey an old love this song from james arthur ,Neutral
someone still listening to this? 2018?,Neutral
"Almost 160k  comments, if you find mine you are a legend. Be Safe!",Positive
"Let‚Äôs be honest, this wasn‚Äôt in your recommend page.",Positive
"...we've come from far my dear, look how we've grown...",Neutral
When two singers collab.,Neutral
Cant wait for the comments saying whos listening December 2020 btw i love this song cuz like why not if u dont like it u then idk whats wrong with u lol,Positive
At school : I'm funny,Positive
Êò®Êó•„ÄÅÊÑõÁä¨„Çí18Ê≠≥Ôºí„É∂Êúà„Åß‰∫°„Åè„Åó„Åæ„Åó„Åü„ÄÇÊ∞óÊô¥„Çâ„Åó„Å´YouTube „ÇíË¶ã„Å¶„ÅÑ„Çã„Å®„ÄÅÊ≠åË©û„ÅÆÊÑèÂë≥„ÇíÁü•„Çâ„Åö„Å´„É°„É≠„Éá„Ç£„ÅåÂ•Ω„Åç„ÅßËÅû„ÅÑ„Å¶„ÅÑ„Åü„Åì„ÅÆÊõ≤„Åå„Ç™„Çπ„Çπ„É°„ÅßÊµÅ„Çå„Å¶„Åç„Åæ„Åó„Åü„ÄÇ,Neutral
"don't lie to me, how many times have you been here? I think almost every day KKKKKKKK",Positive
"It reminds me of my grandma,she died",Neutral
Everyone is suddenly,Neutral
Reminds me of my ex lover ,Neutral
This song is for my future wife she is out there somewhere,Neutral
Cad√™ os BR da sofrencia üñíüñí,Neutral
don't say whos here in 2020 we never left,Neutral
July 2025 ?,Neutral
"This comment is the only thing you‚Äôll ever know about me. This comment is the first and last time we‚Äôll ever cross paths in life, you probably won‚Äôt see me in other comment sections or anywhere else in general. So, I would just like to say good luck and have fun, the world‚Äôs the limit and no one can stop you from doing what you love. No matter what you do in life, the worst case is you try your best, you be yourself, and you do what you can do with compassion, honesty, effort, and understanding. And it goes worst case and then you move on, like everything else.",Neutral
The dislikes are from the people who haven't meet James Arthur in the dark,Neutral
"1 billion views. Leave a like, and just say you wont let go!",Neutral
love this song..,Positive
Who else is listening to this and is single ,Neutral
So many likes 4 an egg,Positive
who‚Äôs here after true geordies podcast,Positive
cause you were always there for me wen i needed you the most.,Positive
the dislikes are from people whose tears landed on the dislike button,Neutral
If this get 18 or more,Positive
Everyone: if you're here in 2020 you're a legend,Neutral
i love James Arthur,Positive
"My girlfriend said this song sucked, now she's single.",Neutral
who's watching on May 2017?,Neutral
Who will listen in 2019!!?,Neutral
"I met you in the dark, you lit me up",Neutral
hurts when you're friendzoned,Neutral
"the 162k people who disliked this song, were sobbing and couldn't see what they were clicking",Negative
who played this song over and over again,Neutral
Keep returning back to this song ,Neutral
He has good eyelashes ,Positive
Let's see how many people are watching this Today?,Positive
Who else is listening to this alone on valentines day (':,Neutral
I'm in love with someone who doesn't feel the same way. This song encapsulates everything I want and it breaks my heart...,Positive
0:01 to 3:30 ,Neutral
"Dear parents, just because your child is smiling at their phone, doesn't mean they have boyfriend or girlfriend, they are just watching this masterpiece!!",Negative
This song makes me want to cry about a non-existent boyfriend,Neutral
Beautiful beautiful thanks sweetie for all your beautiful music this one is my favorite well done ,Positive
if you're reading this.,Neutral
Anyone 2019 because I don‚Äôt want to feel so old so comment pleases make me feel better and that coming from a 15 year old come on Ô∏è,Positive
"December, 2018???",Neutral
,Neutral
The people that disliked are the people that have a cracked phone and can't press it,Negative
Singing this to a boyfriend that doesn‚Äôt exist,Neutral
my boyfriend proposed to me when this song was on,Neutral
i always knew this guy was gonna be a beast,Neutral
this song makes me miss my boyfriend that i don't have,Neutral
James Arthur: Just say you won‚Äôt let go ,Neutral
"The second that old man started crying because his wife is dying, I just couldn't take it, I broke down",Neutral
This song always sung by filipino performers and family in videoke songs in the Philippines ,Neutral
James Arthur: say you won't let go.,Neutral
"Who is watching on 3rd March, 2017??",Neutral
if you are feeling stupid just remember that people are disliking this video,Negative
beautiful song ,Positive
Who is still watching this in December?,Neutral
2017 November? <3,Positive
Nobody :,Neutral
Tried to describe my love of this song in alot of my relationships for a little while they say they won't let go until someone better lookin richer than me can provide more than I can they always choice someone else over me this song puts it better than any word I could ever muster up,Positive
"Dear future wife, hope you're having a good day",Positive
2018..... Anyone?,Neutral
Sing this to your crush I promise it would win her... Cough cough,Positive
The best song ever,Positive
Sound like a wattpad story,Positive
2018?????? any- body I know I am not the only one watching this in 2018 some people probably found this song this year IK,Neutral
Half of the views might be mine. :D,Positive
"I‚Äôll love her till the day I die, even if we have to be apart, I will always cherish the memories that we shared, not all of them were amazing but the time I spent with you really was the happiest moments of my life, I love you please take care  I miss you so Fken much I will always love you",Positive
Pensei que era s√≥ brasileiro que falava: quem t√° em 2019 deixa like kkk ,Neutral
May?????,Neutral
Am I the only who's getting Sam Smith vibe from James...?,Neutral
"June 2021 on my birthday! The entire song explains our situation! You gave me all the hope in the world, then dashed my whole life!",Neutral
0% nudity,Neutral
I don't even have a girlfriend and I feel like I just broke up,Neutral
Me: Sings Karaoke Version of this and comes back here to see if I did well,Neutral
"Without a doubt, all of an angel",Neutral
my ex sings this song for me but next day she left me...,Neutral
me too my gf died because that guy doesn't drive carefully my gf favorite song is this can i get 10 likes for my gf,Positive
Something about settling on love is the fact that after you settle with someone hopefully you can just live your life because you found your person...and all you care a about after that is enjoying your other Passion's,Positive
I will not let go! dwr,Neutral
If only my boyfriend knew how much he meant to me.  this song makes me cry when i listen to it.,Neutral
September 2025!!!?!!!!,Neutral
I just want another chance. So much love to give now. I am older and want nothing more than to prove I am that man.,Positive
Love oh love,Positive
Jong had the voice that no one can match the emotion in his voice are priceless.love you Jong,Neutral
i miss him badly,Negative
Love this song,Positive
I want this kind of love.ü•π,Positive
Sorry Justin!!! So sorry!! Everytime i heare that Song.. i was just a Kid too‚Ä¶  but i‚Äòm grateful we both grow Ô∏è,Negative
"James said ""I knew I loved you then"" and I felt that real love is something you only understand the value of when you're on the edge of losing it.",Positive
"This song, I just can't let go!",Neutral
"Just saw him on X factor and amazed and came here , hope he is doing great , we are Arthur as well and my son is called James Arthur too Ô∏è#GoArthur,s",Positive
Easy going to the heart full of love,Positive
July 2025?,Neutral
Love this song!,Positive
never heard this before. it was on bandle,Neutral
" still the tune, utilita arena 2020 i was so proud! When u coming bk jayyjaayyyy xxxx",Positive
She knows she's always on my mind and heart. ,Neutral
"If Jesus wrote a lovesong for me, I am sure this song would be close to it. Ô∏è",Positive
‡πÑ‡∏û‡πÄ‡∏£‡∏≤‡∏∞‡∏°‡∏≤‡∏Å,Neutral
Masterpiece ,Neutral
My fav song ,Neutral
I just admire this singer my super crush JA,Positive
,Neutral
Love this song,Positive
"Wow, I heard this in Trader Joe's. So happy I finally found it.",Positive
Nunca dejar√© ir esta canci√≥n ,Neutral
Forever James Arthur ü´∂Ô∏è,Neutral
This song's connects with the feelings of some of us,Neutral
Life is Beutifull because of the simple way we can meet someone and feel so great for just having the chance or ability to have someone in your life that I will remember forever and die in love with with out them but that's what it's about live love and remember the good in everyone who comes into your life and u know who you are when I say I'm grateful to even have met a person so great and I would take them back in a heart beat any day any time forever and ever miss you xcisacemike love ooou . ,Positive
"This was our song,i thought we would be together forever! I cry every time i hear this!",Neutral
Who's here in 2025 ?,Neutral
That stream is so clean and I love the  opening dance steps ,Positive
Eres grande bro son las cosas de la vida pero poco a poco tienes q ir dejando todo atr√°s bendiciones,Neutral
Esta m√∫sica √© uma obra de arte escuto ela praticamente todos os dias!,Neutral
This song can make you fall in love even when you don't want to ,Positive
That's good And She's Gonna ,Positive
Love you James,Positive
Might be my favorite love song.,Positive
goat song it touched so many hearts,Positive
Vocals like this should not be possible,Neutral
Me and my  brother love this ,Positive
I LOVE,Positive
I love looking at these comments as a single person they make me happy.,Positive
"Met this man when I lost all hope in love, then he gave me hope again. I am so in love with this sweet man . One day I will marry him and we will grow old and happy . I'm so in love with you C.W W. thank you for showing me love is possible again baby ",Positive
I just shared this song with my partner to show her that even though I carry emotional baggage that I do still love her deeply and how much I want to spend the rest of my life with her,Neutral
,Neutral
I've had this song on repeat for the last 41 minutes Ô∏è,Neutral
Szuper Love You ,Positive
What a masterpiece ü•πü•π,Neutral
"I love, James Arthur.",Positive
this song is a felling ,Neutral
every James Arthur song is very nostalgic,Negative
I hope one day to find a love like this.,Positive
Anyone here in July 2025 ,Neutral
It's sad when the promises became the opposite and everything seemed like there was nothing special. Drowning in all these memories I miss you and will always love you,Neutral
Never heard this before,Neutral
"Trust me when I say if the person you are with doesnt feel perfect for you, they arent for you, Someone is out there that will make you feel exactly how you make them feel. Dont settle.",Positive
I'm in love ,Positive
"James arthur Queria te dizer que Deus tem plano na sua vida,e sim a vida tem sentido sim a vida n√£o √© s√≥ sobre o amor de pessoas mas tamb√©m √© prin√ßipal mente sobre o amor de Deus Jesus te ama muito e ele te espera de bra√ßos abertos como filho",Neutral
Probably most underrated artist out there,Positive
"""I wanna dance with you right now"" Ô∏è",Positive
Pure nostalgic maniacs ,Neutral
Awesome song,Positive
"A song perfect for a wedding, I've heard this when i was a kid, i also thought i heard it on my uncle's wedding",Positive
Pura nostalgia...,Neutral
,Neutral
Beautiful Song ü•πü´∂Ô∏èÔ∏è,Positive
Love this song,Positive
This song will NEVERRRR GET OLD,Neutral
"I met you in the dark, you lit me up",Neutral
Love you b3 always will Ô∏èÔ∏è 4EVER,Positive
I LOVE YOUU ACEEEEE,Positive
For my tears run dry,Neutral
I love james aurther he healed me so much,Positive
I've BEEN THERE THE WHOLE TIME,Positive
"Life is beautiful man,if it dont work your way for a moment,find a second,third and eightieth route please.God is the voice inside your heart.",Positive
September 2025??? ,Neutral
Inescapable ,Neutral
"Toni if you were ever to see this I really miss you . Your smile, touch , and soul I guess right person wrong time .",Neutral
Essa m√∫sica tem vibe muito massa  ,Neutral
"Just listened recently but honestly, I love the song. It hits differently ",Neutral
I love you babe!,Positive
My favorite song ,Positive
"The song now has a eerie feeling, knowing what we know!",Negative
I love this song,Positive
Love to sing this to my one year old ,Positive
,Neutral
Still can't get through this song without a tear,Neutral
Just heard this for the first time today wow it's 8yrs ago holy crap,Neutral
,Neutral
"Love is a beautiful thing guys , it's like a knife ",Positive
"So, so  beautiful.",Positive
This is perfect ,Positive
Reminder button‚Ä¶,Neutral
"5 years from now, I'll be at my happiest!",Neutral
I will play this song on my wedding day,Neutral
my love for this songg mehnnn,Positive
"Reminds of a room with guitar, orange red pillow, layered blanket (green, yellow and orange) white wallpaper.",Neutral
Saw this on facebook reels. the full version the much better Good JOB!!,Positive
"Even when your most fierce battles are being waged, always recall ‚Äî dawn breaks after darkness.",Positive
Thank you ,Neutral
I love james aurther he healed me so much,Positive
,Neutral
Anyone sep 2025?,Neutral
September 2025?,Neutral
September 2025,Neutral
September 2025?,Neutral
 Rewrite the stars ..my love ..i love you. le extra√±o cada momento ...es una persona maravillosa.,Positive
Who's here this September 2025,Neutral
I will always remember this song it was the last time me and my nanna danced together ,Neutral
who is here in 2025 plz can we be friends,Neutral
,Neutral
"I 'm very interesting for this cover, i start listen at tiktok and bring me to youtube, i 'm waiting for one week for this cover thank you for makeit very amazing cover for iris",Positive
 I wont Let Go !,Neutral
The amazing song of the year,Positive
"Ô∏è Wishing good luck to everyone reading this article! Ô∏è You are valuable, precious, beautiful, and a great person Ô∏èÔ∏è I have great respect and admiration for you Ô∏è Bowing to you Ô∏è You have the ability to do everything you are determined to achieve Ô∏è Everything will be alright Ô∏è I wish you smiles every day Ô∏è I wish you strength and courage Ô∏è Work hard for your dreams Ô∏è No matter what difficulties you are facing now Ô∏è You can overcome them Ô∏è Wishing you all the best Ô∏è Abundant wealth Ô∏è I wish for you, your family, and your loved ones Ô∏è Good health Ô∏è A lifetime of peace Ô∏è May your days be filled with joy and love Ô∏è Wishing you great fortune and longevity Ô∏è Live a long life Ô∏è",Positive
I‚Äôve lost my first loved one and my child the same day I felt this some ,Positive
"I don‚Äôt understand when I see that version of this song I see him pouring his heart out looking for help whenever everybody else is just laughing. I don‚Äôt understand. You are supposed to be God loving people, but you can‚Äôt see that a man‚Äôs in distress and sad and begging for help. I love you, Justin Bieber, not just for your music, but your faith you‚Äôre a really truly a good person and an aspiration to me. I see you hurt and I hope everything is better for you hope you read my message and God bless you",Positive
July 2025???? Ô∏è,Neutral
I‚Äôm in love and my boyfriend send me this song ,Positive
Forgot about this banger,Neutral
James voice has such raw emotion. he sounds like a suicidal drunk. which sounds like an insult but its not. This song & Impossible just ache with raw passion.,Negative
September anyone,Neutral
"Agosto 2025, sigo y seguir√© escuchando est√° joyita",Neutral
One of my favourite song ,Neutral
Isso nao √© uma musica e um sentimento,Neutral
Beautiful ,Positive
Esta canci√≥n tiene 8 a√±os y apenas estoy enter√°ndome que existe y no puedo dejar de o√≠rla en mis aud√≠fonos ,Neutral
2:42 this part <3,Positive
"I wanna live with you, even when we‚Äôre ghosts. You were always there for me when I needed you most",Positive
Beautiful song,Positive
"Sugar cane first, tea , then chips. Premium enjoyment. Thank you for sharing your peaceful village life with us ",Positive
Listening to this masterpiece crying and missing someone I haven't even met yet ,Negative
"Rest in my arms, or just let me be present ",Neutral
Most beautiful song,Positive
A Masterpiece!!!,Neutral
RIP Lux & Rambo ,Neutral
"1.8B views is insane! XFactor has created so many successful artists. Global success. The Voice hasnt produced any in all its seasons in any country! It was #1 in the UK, Australia & several other countries. It peaked at #11 in america but had amazing longevity in the charts & has been certified Diamond since which most #1 songs dont ever achieve. Its platinum status in countries is astounding & testament to its longevity. 19xP in australia. Thats crazy",Neutral
Awww,Positive
I loved,Positive
Sou de Brasil e estou  a apreciar essa  obra de arte ,Neutral
July 2025 ???,Neutral
2:38 you were always there for me when I needed you the most,Positive
Reminds me of FRALICHI ,Neutral
  SYNCHRONICITY  ,Neutral
July 2025?,Neutral
 this song,Neutral
"Listening to this song ,and my best friend passed away 6 days ago icant tell u how this is hard.",Positive
"Extraordinary music, he always rocks",Positive
who`s still here 2025??,Neutral
Love this,Positive
J'adore ce son,Neutral
Essa m√∫sica n√£o √© terapia mais √© terap√™utico ü•πÔ∏è‚Äç,Neutral
"James arthur se algum dia ver esse comentario saiba que eu vim falar para vc que JESUS TE AMA TANTO e que ele morreu na cruz por vc e por mim e vc est√° usando esse dom lindo de cantar para quebrar o cora√ß√£o sabe essas suas musicas s√£o t√£o tristes eu j√° chorei com ela,espero que algum dia vc possa ser transformado por Jesus e que as suas musicas tristes posam virar musicas felizes e louvores de adora√ß√£o ao senhor ",Neutral
"I hope someone loves me one day , n hope she don‚Äôt let go  please like so I can keep replaying this track #classic  #justsayit",Neutral
Fav one,Neutral
Good,Positive
‡∏ü‡∏¥‡πâ‡∏ô‡∏£‡∏±‡∏Å‡∏Ñ‡∏∏‡∏ì‡∏´‡∏ô‡∏∏‡πà‡∏°‡∏ä‡∏ç‡∏≤‡∏ô‡∏ô‡∏ó‡πå ,Neutral
Still love you man so much I am so lucky I found her ,Positive
Whose here in 2025,Neutral
 Sounds good,Positive
I love it ,Positive
Hell of a song and well sung.,Neutral
" A ... From A ""LOVE"" ",Positive
I remember l listen this music every day in 2022 i missed ,Neutral
Just missing you,Negative
this so really good song!,Positive
July 2025? ü•π,Neutral
But she let it go... I meet her in my dark but... She let it go now.. ,Neutral
Evergreen song!!!,Neutral
Love this song,Positive
I won't let go if she doesn't want me to and talks to me.,Neutral
"I get the loneliness vibe, especially as the original came out during the lockdowns. Who would have thought that such an upbeat song could be turned into such a melancholy folk song.",Neutral
Love this ,Positive
Best song ever,Positive
God im old,Neutral
August 2025?,Neutral
Who is here again in 2025,Neutral
My heart in just 5sec of this song,Neutral
,Neutral
LISTEN NOW ,Neutral
REST PEACE ,Neutral
"If you‚Äôre reading this I love you Ô∏è you‚Äôre my brother or sista in Christ,,, I just discovered this song today 7/26/25 brings out love in me",Positive
I was LSS this song rn ,Neutral
I am listening with love of my life.,Positive
October 2025???,Neutral
"If anyone happens to come across this message, I just want you to know: no matter where you are in the world, I'm wishing you a beautiful day and a life full of happiness, peace, and fulfilled dreams. You are incredible, and you are enough. I believe in you, always! ",Positive
Purposing to my Girlfriend to this song on her birthday in October,Neutral
September 2025?,Neutral
Water,Neutral
"Better late than ever sis, let us enjoy the village content ",Positive
I love you Baby Please don't let go  0:43,Positive
August 2025 anyone??ü´∂,Neutral
hay qua anh oi,Neutral
"Venho aq toda vez q me apaixono, foram poucas q me fizeram me permitir 100% e parece que todas s√£o iguais, sei q ningu√©m √© perfeito mas uma pessoa que acha o amor t√£o perfeito n poder ser amado como realmente merece √© triste‚Ä¶",Neutral
Septembre 2025 ??,Neutral
September  2025 so sad,Negative
‚ÄúNot just to be popular. But be worth something‚Ä¶‚Äù,Positive
Who's here on August 2025?,Neutral
September 2025???,Neutral
Yess you searched for THIS..,Neutral
Bandle in the last one,Neutral
Love it ,Positive
My proposal song,Neutral
me in 2025 who is with me,Neutral
Thank you for my love life,Positive
Just say we'll spend rest of the birthdays together ?!,Neutral
This song is three and a half minutes?,Neutral
I hope one day love finds me.,Positive
July 2025???,Neutral
2025 anyone?,Neutral
Anyone July 2025?,Neutral
Imagine going out with them wow this guy is a poetic romantic I see myself walking the Victoria secret fashion show runway down to this song wow amazing rhyming techniques and word choice.,Neutral
this is a good ass song man,Positive
July 2025 ,Neutral
They say it but always let go.....,Neutral
No not users no ones ,Neutral
"Love you L. Paul Walker, only you ",Positive
I can relate to this song cause me and my girl been through hell and back,Neutral
August 2025 .. ,Neutral
Wow I cant believe the time has just flown by.,Neutral
Yes Please.,Neutral
Say You Won't Let Go √© 7X Platina no UK üá¨üáß,Neutral
My little boys give me Superpowers Ô∏è ,Neutral
September 2025?,Neutral
One of my favourite tunes! Where has he disappeared too?,Neutral
August 2025 ???,Neutral
Riot maker vibes hard asf ,Negative
Hi your videos are so cool because like I like this song the song is really cool like I never stop because like it's so amazing whoever teaches his thing is the one,Positive
I cry on this song when she breaked up with me,Neutral
I love more ,Positive
"July 19, 2025",Neutral
She's not gonna give up,Neutral
Ah...,Neutral
For my kirmy!Ô∏èÔ∏è,Neutral
June 2132? Me and my wife love this song Ô∏è,Positive
,Neutral
"Tchaikovsky, not off-key. This composer is brilliant.",Positive
September 2025 ???,Neutral
Septembre 2025 ???,Neutral
Happy is my vibe,Positive
I lost my granny this year she was suffering with cancer she is very severe condition and the only regret I have was I couldn‚Äôt meet her when she was taking her last breath and whenever I listen to this song I miss her more then anything ü•πÔ∏è,Neutral
August 2025??,Neutral
Lyrics,Neutral
Anyone August 2025?,Neutral
Why am I Thai and have just heard this song?,Neutral
Wow this is a great song   .be good matrimony song ..,Positive
I love you Sulvana Ô∏è you‚Äôll always be the woman I dreamed of building a life with. Love you my sweetheart Ô∏è,Positive
Never watched x factor after James won it there was never gonna be anyone better,Positive
Still to this day my favorite song,Positive
"I am in love with someone who feel the same, i hope we will grow grey and old",Neutral
ur   cover  of  impuble  makes  me  cry  every time,Neutral
Dylan  please don't be sad I'm still here  God willing.whoever broke Dylan's heart  shame on you go back to him and apologize and hug him tightly and promise to love Ô∏è him now always and 4ever inshallah God willing..oh Dylan I'm wondering if you are ok please don't do anything desperate.no drugs no alcohol ,Neutral
I like this song,Neutral
When we danced to this song 143,Neutral
I'm here bc of a romance novel I been reading by Tiana Laveen. Awesome author. I'm really liking this song,Positive
Cad√™ os brasileiros.üáßüá∑2025 ???,Neutral
"she introduced me to this song, please come back Nidhi",Neutral
Áµ¶Âú®ÁúãÈÄôÁïôË®ÄÁöÑ‰Ω†Ô∏èÔ∏èÊòØÊúâÂÉπÂÄºÂ∏•Âì•ÁæéÂ•≥Ô∏èÔ∏èÊºÇ‰∫ÆÂ§ßÂ§©‰Ωø‰Ω†Â•ΩÔ∏èÊàëÈùûÂ∏∏Â∞äÊï¨‰Ω©Êúç‰Ω† Ô∏èÈû†Ë∫¨‰Ω†ÊòØ‰∏ÄÂÄãÈùûÂ∏∏ÊúâÂÉπÂÄº„ÄÅÁæéÈ∫óÁöÑ‰∫∫Ô∏è‰Ω†ÊúâËÉΩÂäõÂÅö‰Ω†‰∏ãÂÆöÊ±∫ÂøÉË¶ÅÂÅö‰∏ÄÂàáÊàëÁ•ù‰Ω†ÊØèÂ§©ÂæÆÁ¨ëÁ•ù‰Ω†Â†ÖÂº∑Ô∏èÁÇ∫Â§¢ÊÉ≥ËÄåÂä™Âäõ‰∫ã‰∫ãÈ†ÜÂà© Á•ù‰Ω†ÂÅ•Â∫∑Âπ≥ÂÆâ‰∏ÄÁîüÂπ≥ÂÆâÁ•ù‰Ω†ÁöÑÊó•Â≠êÈÉΩÊúÉÂÖÖÊªøÂø´Ê®ÇÂíåÊÑõ,Neutral
"Still my favourite July 17,2025",Neutral
Que bueno ,Neutral
Mine and my baby's song,Neutral
July 2025? Does everyone‚Äôs still here,Neutral
July 2025 this song still hits hard,Negative
July 2025,Neutral
Say you won't let go,Neutral
"I met you in the dark, you lit me up",Neutral
After 2 years of struggle he has come back in full package,Neutral
2025 anyone?,Neutral
My wedding song First met my wife sent it to her the rest is history!,Positive
I met someone someone I'm cut from after 20 years . Just simply grateful,Neutral
July 2025???,Neutral
September 2025???,Neutral
October 2025,Neutral
Algu√©m ouvindo em 2025 ? ,Neutral
Who is here august 2025,Neutral
September 2025 ???,Neutral
"I don‚Äôt understand when I see that version of this song I see him pouring his heart out looking for help whenever everybody else is just laughing. I don‚Äôt understand. You are supposed to be God loving people, but you can‚Äôt see that a man‚Äôs in distress and sad and begging for help. I love you, Justin Bieber, not just for your music, but your faith you‚Äôre a really truly a good person and an aspiration to me. I see you hurt and I hope everything is better for you hope you read my message and God bless you",Positive
"Listen in August 31,2025 l love this song ",Positive
Dancing inthe sun,Neutral
August 2025-One of my fav song. This song makes me feel lots of lovely things around. Thanh Thanh bring me to here.Luvü´∂,Positive
I love thus song,Positive
5 years ago i listened to this right as I spent my first day at boarding school 5 years in 2 more to go,Positive
"September 1st , 2025 ",Neutral
"He said this is our theme song but at the end, he's the one who let go of us.",Neutral
Don‚Äôt know what to even say ,Neutral
N&M=4ever 2/10/23,Neutral
"EIN KIND IST EIN SEHBARE GEWORDEN LIEBE.Kinder sind wie kleine Sonnenstrahlen ,zusammen bilden sie eine Sonne .Das wichtigste was Eltern und Gro√üeltern ihren Nachkommen geben k√∂nnen ist das Urvertrauen..Die Liebe der Eltern ist wie eine die Sonne,wo immer sie zum Vorschein kommt ,macht sie kleinen Herzen gl√ºcklich",Positive
there is no way this is a real song that was released and got 1.780 billion views. i have never heard this song in my life despite it coming out nearly a decade ago,Neutral
biggest fan,Neutral
Who's here in 2025?,Neutral
I‚Äôm guy this man is for me,Neutral
September 2026,Neutral
amei ,Neutral
This was our wedding song ,Neutral
"I'm in love with someone that I met to late in life. I'll always love you and he is too, but we can't be together ",Positive
Estou lendo um livro e os protagonistas casaram ao som dessa m√∫sica ,Neutral
Guten Morgen or guten Even mister James Arthur,Neutral
"I hopenshe sees my comments, I love that lady",Positive
Creative ,Positive
Me and the wife‚Äôs song 18 years together we been through everything Ô∏èstill together,Neutral
September  2025,Neutral
This is such a Gem! I always listen to it and feel the love it literally is marriage a happy one ! With closure of love ! Like my comment if ya agree !! Love ya dudeee,Positive
 love this song sm :(((((,Neutral
"I'm glad I didn't showed this to my ex girlfriend (she cheated on me for weeks & didn't tell me at all I had to be told by my cousin to turn around & saw ""my future hubby"" & than confronted her a few b4 she left than she got all mad & defensive ab it & than the next day she left) ",Neutral
ÎèÑÏ†ÄÌûà ÎùµÍ≥°.,Neutral
I don‚Äôt even wanna know how many weddings this was played at,Positive
143 always,Neutral
Jumped ,Neutral
Anyone in 2025?,Neutral
Hi how are you I love you song so much you're the like the best of singing songs like I think that song everyday,Positive
July 2025 ,Neutral
September hits me hard. Miss you,Negative
September 2025,Neutral
this song saved my life from comiting suiside thank you james Arthur,Neutral
Still there and it still sounds like one of the best songs ever,Positive
I meet her in the dark,Neutral
blasting this tomorrow for 4th of July its a banger,Neutral
Anyone in July 2025 ???,Neutral
Ô∏è,Neutral
I won‚Äôt let go,Neutral
who here july2025,Neutral
Adds to my wedding playlist,Neutral
September 22 /2025,Neutral
Say you won't let go...,Neutral
"Bandle in 5, idk why keeps distracted with the script song ",Neutral
yis galing,Neutral
Lo w this song,Neutral
Aiuto questa canzone l anno usata per il video del mio battesimo 10 anni faü•πü•πü•π,Neutral
,Neutral
,Neutral
My son falls asleep to this song,Neutral
I like it is song,Neutral
Still hear CIAN LOVE YOU CIAN SO SMOKING WEED AGAIN WITH U WHEN YOUNG AGAIN.PEACE GOD,Positive
Who's next to her/his dad rn crying,Neutral
September 2025,Neutral
TE   AMO  !! BB !! CANTA   ME ROCHINOU !!! Q  ISSO  MEU  DEUS  GUARDE  ESSE  ANJO  ESSA M√öSICA E  TUDO  !!,Neutral
Stiap liriknya mengingatkanku tentang kenangan indah yang mengharukan,Neutral
Ô∏èÔ∏è,Neutral
"I feel horrible today, I feel I'm so bad",Negative
July 2025 ??!,Neutral
Julho 2025,Neutral
,Neutral
August 2025 anyone...,Neutral
This song is dedicated to a very special person Ô∏è,Positive
Bandle #9 8/9 Wtf is this,Negative
Reminds me of me and paul miss him,Neutral
Say u won't let,Neutral
Jesus te ama james arthur  espero que em algum dia vc encontre Jesus enquanto ele ainda n√£o voltou se vc soubesse o amor de DEUS POR VC VC ESTARIA AT√â LOUVANDO N√ÇO CANTANDO MUSICA TRISTE JESUS TE AMA E TE ESPERA DE BRA√áOS ABERTOS SE VC ESTIVER BIBLIA LEIA ISAIAS 41:10,Neutral
Christ is King,Neutral
Anyone 2027,Neutral
August 2025??????,Neutral
That Song Reminds  Of My Brother Kristin Clarke,Neutral
I come from the future ( 3900) im still listening this song. ,Neutral
anyone july 2025?,Neutral
Anyone tomorrow?,Neutral
Ô∏èÔ∏èÔ∏è,Neutral
i love music james arthur not inglesh,Positive
August 2025 this is a timeless master piece ,Neutral
If it recorded on 2023 it would be song for my first weeding dance. In love ,Positive
"i wish this is what my crush we end up being but he lives in auckland and I live in the south island and my other friend who knows him is going to auckland on his bday ,god please please please can he start talk to me AMEN",Neutral
July 2025 ,Neutral
September 2025?,Neutral
"bandle in 4, recognized in 2 but couldn't remember any words hhhhh",Neutral
July 2025 baby!!!!,Neutral
July 2025??,Neutral
wow. no wonder so many people died this year.,Positive
August 2,Neutral
Anyone in 2025 ? August to be exact,Positive
"The sacrifices we ought to do to just make them stay ,just say you won't let go......2025 still here",Neutral
,Neutral
Ô∏èÔ∏è,Neutral
‡πÑ‡∏°‡πà‡πÑ‡∏õ‡πÑ‡∏î‡πâ‡∏°‡∏±‡πâ‡∏¢‡πÇ‡∏à‡∏ï‡πâ‡∏≤ ily my Jota,Neutral
,Neutral
You can do it,Neutral
July 2025???,Neutral
Hepi Birthday ya sayang  2:02,Neutral
My girl friend just said I come and watch this,Neutral
,Neutral
,Neutral
,Neutral
,Neutral
Today's bandle ,Neutral
Bom demais,Neutral
Yep,Neutral
,Neutral
,Neutral
,Neutral
July 2025 ?? who's still inlove with this modern classic ,Neutral
august 2025 ,Neutral
Favourite song <3,Positive
July 2025?,Neutral
Kenneth Edward Snyder Sr said sorry too ,Negative
I don't fall in love ,Positive
"July 2025, anyone else?",Neutral
August 2025,Neutral
MANTAB LAGUNYA BANG,Neutral
I am going to be okay,Positive
Scared of letting go of my mum and its been 23 years since u left mama I miss u crazy knowing u defently didn't love or want me I understand lung cancer u got and 23 years on wards u left when I was 8 I was a baby 8 years before u took.off and.left ur beautiful husband and kids I bet ur sister played a big,Neutral
July 2025!!,Neutral
July 14th 2025 Sitting at work crying my eyes out ,Negative
Send prayers omw i nerd a favor and i want to be a preacher to rappers and musicians,Neutral
anyone from 2030,Neutral
September 2025 ???,Neutral
TO ALL OF MY WOMEN: LETS SEE HOW MUCH OUR COWARDLY MEN COST US TODAY ?,Positive
Holly I just realized he looks so much like this guy Spencer Treat Clark from the chilling tales of Sabrina the teenage witch ,Neutral
2063 anyone???,Neutral
Ô∏è‚Äç,Neutral
LISTEN NOW,Neutral
How did that time pass? ,Neutral
"if you know him, please tell him that i don't want him to go",Neutral
She don't want me,Neutral
24th August 2025 Ô∏èÔ∏èÔ∏è,Neutral
Sabtu 19 Juni 2025,Neutral
"say you won,t let go by james arthur love songs lyrics music",Positive
Bandle in 4!!,Neutral
Maybe U should just cuddle her while she rests,Neutral
September 2025 ?,Neutral
2025,Neutral
Lembrar d todos os momentos sejas felizes ou n√£o,Neutral
,Neutral
Obsessing in 2025 tooooo,Neutral
September 2025 ?,Neutral
"I met you in the dark, you lit me up",Neutral
I' am from Angola,Neutral
Love ,Positive
Very lucky woman! Never let go!,Positive
So sad ,Negative
Holla Mister James Arthur ,Neutral
We're here lol nobody's leaving... probably ever ,Positive
September 2025?,Neutral
growing up on these are the reason im a 23yr old HOPELESS romantic in a sneaky link generation,Neutral
Damn this song is 8 years old,Neutral
He looks like Josh Allen I‚Äôm convinced that‚Äôs Allen,Neutral
,Neutral
July 2025???,Neutral
,Neutral
M√∫sica perfeita,Neutral
July 22 2025 anyone??,Neutral
My alarm song everyday ,Negative
Still listening september 2025 ,Neutral
Lyrics,Neutral
"Wow, anyone listening to this in 2024?",Neutral
even after losing everything i have god to worship...then what have i lost...Everything is with me,Neutral
I will sing this song for my future husband and i will show my comments so that  he know i love him even when we aren't even met,Positive
September 2025?,Neutral
Awesome cover man! Instant sub,Positive
Qaysi davlat musiqasi,Neutral
Tears flowing ,Neutral
July 2025 anyone?,Neutral
Any one in 2025,Neutral
,Neutral
,Neutral
September 2025 ,Neutral
Human destruction is going to come if everyone knows where eden lies,Neutral
Aug 5 anyone,Neutral
Sepertinya sudah 30an kali saya putar lagu ini dalam sehari ,Neutral
July 13 25,Neutral
Algu√©m ,Neutral
August 2035?,Neutral
I scared of ghosts,Neutral
"""Thau pipoca""",Neutral
I'll make a short vid for this song.,Neutral
2025 still here,Neutral
,Neutral
good,Positive
august 3 2025?,Neutral
,Neutral
1886 anyone?,Neutral
July 2025??,Neutral
July 2025?,Neutral
"Bandle in 3, let's go! I knew it on 2 already, but I don't know why I've mistaken James Arthur with John Newman, lol.",Positive
,Neutral
9 years ago ,Neutral
Ô∏èÔ∏èÔ∏èÔ∏è,Neutral
August 2025?,Neutral
This was me an my moms song Me and my mom we together every day she left me 4-10-24 I‚Äôve been lost every since my 6 kids the only reason i haven‚Äôt tried to be back with her I need her real bad life is really lifeing right now I never went a day without her if i moved she always moved across the street literally mama. Come see me please ü•π,Neutral
7 August 2025 ,Neutral
"Love this song, tuff but, Before you scroll  We have all sinned (Romans 3:23), and the wages of sin is death (Romans 6:23). But God loved us so much that He sent Jesus to die and rise again (John 3:16). If you repent and trust in Him, you will be forgiven and have eternal life. He is alive today, changing lives! ",Positive
August 2025,Neutral
,Neutral
August 2025,Neutral
Ô∏è,Neutral
ÿØÿ≠ÿ∞ŸÅŸáÿßÿß ÿ™ÿπÿ®ŸÜŸáŸá! ,Neutral
Ahhhhhhhhhhhhhhh,Neutral
August 2025,Neutral
July 27 2025 still listening,Neutral
September 2025,Neutral
July 2025,Neutral
,Neutral
Have any of you allo been heart broken by your parents and siblings rather than a boyfriend or partner,Negative
,Neutral
,Neutral
"Mine and my husbands first dance, we married in 2017 x",Positive
"Played this at my wedding, this is the song my wife walked out to",Neutral
this is one of those songs where you,Neutral
anyone at august 3? 2025??,Neutral
,Neutral
,Neutral
I am sorry but I am going up soon .... I will try my best to paint the sky nice !,Positive
2021-2025 .........,Neutral
,Neutral
,Neutral
,Neutral
Flats Roland home Friday morning ,Neutral
Future billionare Like this,Neutral
,Neutral
,Neutral
,Neutral
July2025????,Neutral
Algu√©m do Brasil?üáßüá∑,Neutral
She let go ,Neutral
July 2025?,Neutral
Im lost i cant find my way home,Neutral
July 2025,Neutral
"I'm really skeptical and cynical about love right now that i don't believe a man can love a woman unconditionally.. if you found a man loving you like this song, congratz dear..   not every girl feels lucky to have those..",Neutral
,Neutral
bandle in 1,Neutral
Any one in 2025 July?,Neutral
There land full of our missing,Neutral
July 2025 ?????,Neutral
July 2025????,Neutral
July 2025 ?????,Neutral
Sep 2025???,Neutral
2025,Neutral
august 2025 ?,Neutral
this would have had to have happened at the hotel.,Neutral
Setembro 2025 ?,Neutral
Ariel lim I knew there was somthing special when we first talked i just had no idea you would turn out to be the love of my life my soul mate my best friend forever and ever my queen this life and the next,Positive
Espanhol: ,Neutral
Anyone in 2025??,Neutral
"If I'm picking favorites here than it would be Luffy! One piece! However, let's be honest it's in plain sight Goku is the pick here no matter what.",Neutral
Do you guys believe in love?,Positive
Shower heads,Neutral
Late August anyone,Negative
Ai love you victorya,Positive
1:41,Neutral
July 2025.,Neutral
2025 Brittany  I cry everyday in ways words don't express or explain pain so deep I thought of taking my life more than once came close so many times but remembered what meant too you the most Kenneth Edward Snyder Jr and Alexis sapphire David Horton please forgive me I'm sorry ,Neutral
September 2025 ,Neutral
September,Neutral
September 1,Neutral
who up listenin to this in 2025? o/,Neutral
,Neutral
ÿßŸàŸàŸàŸàŸà,Neutral
September 2025???????,Neutral
Not me thinking I can do this ,Neutral
–ì–∞—Ä–Ω–æ,Neutral
anyone 2025??,Neutral
Hey did let go 2018 ,Neutral
October 2025??,Neutral
July 2025???,Neutral
SrmÔ∏è  August 2025,Neutral
,Neutral
Setpmeber 17 2025 from the train station parents leave alone,Neutral
I I'm sad,Negative
,Neutral
any one from Bangladesh,Neutral
"I think am I in love with a woman I barely know!! We met at church my first day back from a long absence due to work. Months earlier I prayed to God to bring a woman with certain qualities into my life. When I got there that morning there she was standing with the brightest brown eyes and radiating smile looking towards me! My soul jumped right then and there. We‚Äôre getting to know each other. She‚Äôs the most beautiful woman I‚Äôve ever seen, that‚Äôs not the best part about her. When we are standing eye to eye looking into them brown eyes I see the most caring loving selfless beautiful soul!!!!",Positive
July 2025 hello,Neutral
Advance  2099,Neutral
September 2025,Neutral
September 2025 ,Neutral
lyrichs : ,Neutral
Aug 2025!,Neutral
July 2025??  Anyone?,Neutral
July 12 2025?,Neutral
,Neutral
2025,Neutral
July 2025 pookies???,Neutral
‡∫≠‡∫¥‡∫ô‡∫ä‡∫µ,Neutral
Baby,Neutral
September 2025 ,Neutral
Bandle made me realize how soulless and corporate this song is.,Neutral
,Neutral
September 2025 ??,Neutral
September 2025,Neutral
Today‚Äôs Bandle,Neutral
August 2025,Neutral
February 2036 anyone?,Neutral
Poor dad,Negative
July 2025 anyone?,Neutral
I knew,Neutral
"Muy buena LA series LA venganza de Analia , nada esta complete , algunos v√≠deos est√°n ocultos por que por favor igual pasa con el capo en la 1,2,3 temporada , analicen eso , si no no la trasmitan los televidentes  quieren ver todo completo es as√≠ por favor , analizar , solucionar , informar sobre estos v√≠deos ocultos gracias por compartir, bendiciones para todos",Neutral
September 2025 ?,Neutral
Setembro 2025?,Neutral
September 2025??,Neutral
1:08 ,Neutral
Anyone in ,Neutral
September 2025 anyone,Neutral
That one Gacha life/club mini movie ,Neutral
Cool,Positive
July anyone ?,Neutral
July 21 2025 ,Neutral
September 2025?????,Neutral
Here Sept 1 2025,Neutral
who's here in 2025,Neutral
,Neutral
September 2025 ???,Neutral
1st September 2025 Ô∏è,Neutral
Who's listening in 2025?,Neutral
Hidden from us,Neutral
July 2025,Neutral
This reminds me of the night I got steaming of whiskey n ambulance needed to be called lol embarrassed much ,Positive
But she did let go...,Neutral
I was stone cold sober,Negative
Overview,Neutral
July 14 2025,Neutral
Here,Neutral
Sep 2025,Neutral
I thinking I going have to just cut my ties from some ppl im not perfect  but who is right ,Neutral
Whose here before anyone,Neutral
August 2025. Just saw him on X Factor.,Neutral
I want to make another song,Neutral
as a black guy i love white songs,Neutral
July 2025?,Neutral
Broken heart my girlfriend is.....  Ô∏è‚Äç,Negative
,Neutral
11.30pm,Neutral
 August 2025,Neutral
September 2 12:51AM 2025..NY,Neutral
July 2025??????,Neutral
"September 19 , 2025 23:09",Neutral
Anyone in sep 2025 ???,Neutral
29/09/2025 a mi entrarÔ∏è,Neutral
August 2025 ? Here!,Neutral
Bandle in 2,Neutral
@Cheyennerayne ,Neutral
July 2025 anyone?,Neutral
 ,Neutral
BANDLE IN 4 MY FRIEND JOEL TOLD ME TO LET GO,Neutral
September 5 Friday??,Neutral
I ll stay forever my ELON ,Neutral
imissmygirlsomuch,Neutral
May 2025 ,Neutral
She is,Neutral
Like the video,Neutral
Who is here in September 2025?,Neutral
whwn Jessica Sanches sing her golden hour at agt.,Positive
If this song has ever helped you through the heart break of love and confusion comment your story and leave me a like below ,Positive
August 2025 anyone??,Neutral
Hi,Neutral
to me who's inlove with a person who doesn't even know my name ,Neutral
"For anyone listening to this, and anyone who cares.....im ready to quit. Idk how much longer I can go like this. ",Positive
July 2025 ,Neutral
Nome das musicas,Neutral
September 2025???,Neutral
September 6 2025 I‚Äôm in love with my man and we getting married in 2027,Positive
she let go c:,Neutral
September 2025??,Neutral
2025?*,Neutral
Quien en pleno 2025??,Neutral
Kupang july 2k25???,Neutral
First time,Positive
September 2025??,Neutral
Setembro 2025,Neutral
September 2025 ??,Neutral
Amisha & Shawn,Neutral
September 2381 anyone?,Neutral
September 2025 any1???,Neutral
September 2025??,Neutral
September 2025!?,Neutral
todays bandle,Neutral
September 2025??,Neutral
Jul 2025??,Neutral
Anyone july 2025 ???,Neutral
2:51,Neutral
"Te conoc√≠ en la oscuridad, me iluminaste",Neutral
August 2025?,Neutral
bandle in 3,Neutral
5th August 2025 anyone ??,Neutral
Juin 7th 2025 anyone ?,Neutral
"Viernes 4 de Julio del 2025, alguien m√°s?",Neutral
July 2025???,Neutral
"July 16,2025? Anyone?",Neutral
I'm sorry I died and lost my mind I'm blind,Negative
Tradu√ß√£o ,Neutral
July 2025,Neutral
August 2025 ???,Neutral
,Neutral
,Neutral
August 2025 ???,Neutral
anyone in september 2025,Neutral
Views chule bawn ve,Neutral
21 July 2025,Neutral
Aug 2025 ?!,Neutral
July 2025 ,Neutral
Ô∏è,Neutral
"""I am your father""",Neutral
August 2025?,Neutral
August 2025?,Neutral
Sept 2025 ,Neutral
August 2025????,Neutral
August 2025?,Neutral
Random comment here. could it be James Arthur and not Charlie Simpson as the PRESIDENT,Negative
September 2025 ,Neutral
Markiplier's cover brought me here...,Neutral
Jul 2025 ,Neutral
Daniel 12 I stand for the children ,Neutral
2026??,Neutral
19:02...,Neutral
,Neutral
"Mbapp√© para mim foi o melhor na sele√ß√£o entre os 4, campe√£o da Copa do Mundo aos 18/19 anos, artilheiro fazendo 3 gols na final seguinte, 2¬∞ maior artilheiro da sele√ß√£o francesa (vai se tornar o primeiro f√°cil), e caminha para ser o maior artilheiro da Copa do Mundo, j√° √© o jogador com mais gols em finais e em jogos do mata mata no geral.",Neutral
1:20 I will do it because I promise,Neutral
september 2025??,Neutral
July 2025?,Neutral
September 2025??,Neutral
July 2025??,Neutral
September 2025,Neutral
July 2025 ???,Neutral
July 2025,Neutral
July 2025?,Neutral
July 2025?,Neutral
July 2025?,Neutral
July 2025?,Neutral
July 2025?,Neutral
July 2025?,Neutral
July 2025?,Neutral
,Neutral
‚Ä¶‚Ä¶ thinking of you ‚Ä¶,Neutral
Death bed vibes,Neutral
July 2025?,Neutral
July 2025???,Neutral
"If you actually listen to him you will hear he fell in love with a younger woman. In the context of these lyrics, I know exactly what he is talking about. It's spiritual not sexual.",Neutral
July 2025?,Neutral
July 2025?,Neutral
July 2025 ?????,Neutral
august 2025???,Neutral
September 2025???,Neutral
August 2025??,Neutral
anyone 2025?,Neutral
July 2025 ?????,Neutral
June 2025‚Ä¶Ô∏è,Neutral
,Neutral
Any one in 2025 june,Neutral
21st of july 2025 !,Neutral
July 2025. ??,Neutral
august 2100 ???,Neutral
7/4/2025     üá∫üá∏üáÆüá± Happy 4th of July 7:17 a.m. üáÆüá±üá∫üá∏,Positive
Im really leaving .,Positive
July 25,Neutral
July 2025?.,Neutral
September 2025,Neutral
anyone in 2025,Neutral
curse whoever made ads,Neutral
July 2025 ???????,Neutral
lawea mala,Neutral
Ô∏è,Neutral
0:04 It already started sadly,Negative
2:46-3:06,Neutral
2026,Neutral
September 30 2025,Neutral
"September, 2025",Neutral
September 30 2025,Neutral
"July 27th, 2025 Louisville, Kentucky",Neutral
2025,Neutral
Setembro 2025 Minas Gerais,Neutral
,Neutral
August 2025,Neutral
Are you sure?????,Positive
,Neutral
2025?,Neutral
August 2025,Neutral
August 2025,Neutral
August 2025,Neutral
Kesini gara2 liat brisia Jodie audisi Indonesian idol nyanyi lagu ini,Neutral
Elaine told you nieto she is afraid of ghost and everyone else stay away vine victim,Negative
2025?,Neutral
I know,Neutral
,Neutral
ye,Neutral
"September 10th, 2025.",Neutral
The band on reschedule tuned I. Just for Abit night quitelikeaben reaching my earheart ache medicine for the Sunday sabath ur my badd ass ....,Neutral
they played this when i got married to jason mraz im yours,Positive
July2025?????,Neutral
September 2025,Neutral
July 24th 2025,Neutral
31 juillet 2025,Neutral
,Neutral
Agosto 2025,Neutral
July 2025? 2:00,Neutral
1:26,Neutral
2025 august?,Neutral
2025 August,Neutral
Jan 2026 ????,Neutral
This song is 100% ripping off of The Man Who Can't Be Moved it's impossible to not hear it.,Negative
September11  2025,Neutral
July 2025,Neutral
July 2025,Neutral
July 2025,Neutral
July 2025,Neutral
July 2025,Neutral
June 2025,Neutral
This song choice of Jong Madaliday performance brought me here because of winning,Positive
July 2025,Neutral
Lagu khusus untuk istriku tercinta,Neutral
2025 again h,Neutral
2:27,Neutral
arayko,Neutral
Yes ive got a gf but will i let to stop me from listening to sad songs .... no .. no i won't,Negative
Blanco swmt me,Neutral
If you comment in hate you forever,Negative
2025,Neutral
August 17 2025,Neutral
Anyone in 2125? ,Neutral
i take a kids for school,Neutral
never heard of this generic cringe ahh song,Neutral
Im sirry i was on drugs dealing with my kids i thought he was lying you were just sick again having problems with your pankriest again because of your alcohole problem i thought it was the normal stuff our weekly routeen you getting sick sorry i was on drugs and i didnt come save you please forgive me come find me walk me too the light,Negative
Brittany donavan I'm seeing them now too did you leave me your gift or am I dead too please come find me walk me too the light they told me they want too help me get home but are gone again they left me alone I want too come back home I'm alone please help I'm crying,Neutral
Brittany donavan please come get me walk me too the light I want too come home,Positive
Focking right july 2025!!!!!!,Positive
July 17 2025,Neutral
Free mason killed Brittany  Christian industry killed both and church of Jesus Christ killed ken sender Sr finished him off crying  ,Neutral
I see dead people too Brittany it stated after you told me did than died did you pass me your gift or am I dead too,Negative
"Is it just me... or if u listen, he's talking bout a girl under age?",Neutral
July 22 2025,Neutral
I love youü´∂ü´∂Ô∏è,Positive
Namordo esporte q amigo gente por trabalha por pequena especial chora outra q conversa si mae pai odeio sabem motivo,Neutral
My friend put petrol all over herself and I stayed with her all night but sadly she died . I have to live with that .but still can't get over it.  Just wish I could have stop it,Neutral
Paul,Neutral
I'm sorry god I repent I'm dead is it too late too fix it am I cast out,Negative
18/08/2025.,Neutral
Lands,Neutral
At√© que fim 1 bi,Neutral
Nc,Neutral
Nc,Neutral
th·∫•y ch∆∞a,Neutral
Sorry I only love Gunjan S Patel & our children & animals!!!!!!!,Neutral
2030 Junho 17,Neutral
M√∫sica de aleksi,Neutral
"most forgettable song possible, someone teach this guy to sing",Neutral
seem nihh???,Neutral
2026,Neutral
08/02/25,Neutral
"Jihee Seo, me",Neutral
Stop it now!!!!!!!!!!,Neutral
Thid dong gonna kill me,Neutral
2025,Neutral
berhasil,Neutral
–Ø,Neutral
,Neutral
Marisey garris Dad loves something najala garris Kiana  movie   Yes the family and friends school dance  is going out eat something nall pink hair is  cake  video games shoe  party happy birthday 26  more please,Positive
Pls react in bts,Neutral
bandle in 1,Neutral
2025,Neutral
"Hay Nira no no no, que decepci√≥n una novia de mi edad que verg√ºenza y adem√°s fr√°giles en 3 meses sin usted tenemos una casa de nosotras donde nadie nos va a sacar, mis hermanas y yo vamos a escuela particular ( las 3) ya sabemos conducir todas, estamos en clases de nataci√≥n y Memi a pesar de que usted le quiso poner el pie, tiene un empleo formal!!! donde gana muy bien y usted solo regreso a Tl√°huac y con una carga Ô∏èÔ∏èÔ∏è si tuviera que ser la mam√° de la chueca o el esposo de la coja cual ser√≠a??",Positive
2025,Neutral
Www,Neutral
???,Neutral
,Neutral
ü©∑ü©∑,Neutral
